tmstmp,hour,agnts,handle,ASR,cst_inter,handled,util
7/7/2023 15:14,0,18,9.65,9.64,15.73,5,0.04
7/7/2023 15:14,1,18,9.65,9.64,18.03,9,0.07
7/7/2023 15:14,2,18,9.65,9.65,15.55,14,0.11
7/7/2023 15:14,3,18,9.65,9.65,17.6,18,0.14
7/7/2023 15:14,4,18,9.65,9.66,16.28,23,0.18
7/7/2023 15:14,5,18,9.65,9.65,15.8,28,0.21
7/7/2023 15:14,6,18,9.65,9.66,17.1,32,0.25
7/7/2023 15:14,7,18,9.65,9.65,17.72,36,0.28
7/7/2023 15:14,8,18,9.65,9.65,16.58,41,0.31
7/7/2023 15:14,9,18,9.65,9.66,17.15,45,0.34
7/7/2023 15:14,10,18,9.65,9.66,16.85,49,0.38
7/7/2023 15:14,11,18,9.65,9.65,15.17,54,0.41
7/7/2023 15:14,12,18,9.65,9.65,16.58,59,0.45
7/7/2023 15:14,13,18,9.65,9.65,17.15,63,0.48
7/7/2023 15:14,14,18,9.65,9.65,15.42,68,0.52
7/7/2023 15:14,15,18,9.65,9.65,16.43,73,0.56
7/7/2023 15:14,16,18,9.65,9.65,15.8,78,0.6
7/7/2023 15:14,17,18,9.65,9.65,16.9,82,0.63
7/7/2023 15:14,18,18,9.65,9.65,16.03,87,0.67
7/7/2023 15:14,19,18,9.65,9.65,15.52,92,0.7
7/7/2023 15:14,20,18,9.65,9.65,17.15,96,0.74
7/7/2023 15:14,21,18,9.65,9.65,15,101,0.77
7/7/2023 15:14,22,18,9.65,9.65,16.48,106,0.81
7/7/2023 15:21,0,18,9.67,9.71,15.62,5,0.04
7/7/2023 15:21,1,18,9.67,9.71,16.97,9,0.07
7/7/2023 15:21,2,18,9.67,9.7,17.25,13,0.1
7/7/2023 15:21,3,18,9.67,9.68,17.43,17,0.13
7/7/2023 15:21,4,18,9.67,9.68,16.63,22,0.17
7/7/2023 15:21,5,18,9.67,9.69,17.37,26,0.2
7/7/2023 15:21,6,18,9.67,9.68,16.72,31,0.24
7/7/2023 15:21,7,18,9.67,9.68,16.75,36,0.28
7/7/2023 15:21,8,18,9.67,9.67,18.77,40,0.31
7/7/2023 15:21,9,18,9.67,9.67,17.95,44,0.34
7/7/2023 15:21,10,18,9.67,9.68,16.87,48,0.37
7/7/2023 15:21,11,18,9.67,9.67,16.05,53,0.41
7/7/2023 15:21,12,18,9.67,9.67,17.33,57,0.44
7/7/2023 15:21,13,18,9.67,9.67,16.72,62,0.48
7/7/2023 15:21,14,18,9.67,9.67,15.88,67,0.51
7/7/2023 15:21,15,18,9.67,9.67,17.28,71,0.54
7/7/2023 15:21,16,18,9.67,9.67,16.37,76,0.58
7/7/2023 15:21,17,18,9.67,9.67,16.58,81,0.62
7/7/2023 15:21,18,18,9.67,9.67,16,86,0.66
7/7/2023 15:21,19,18,9.67,9.67,15.8,91,0.7
7/7/2023 15:21,20,18,9.67,9.67,16.1,96,0.74
7/7/2023 15:21,21,18,9.67,9.67,16.97,100,0.77
7/7/2023 15:21,22,18,9.67,9.67,17.18,104,0.8
7/7/2023 15:27,0,18,9.67,9.62,17.05,4,0.03
7/7/2023 15:27,1,18,9.67,9.63,15.4,9,0.07
7/7/2023 15:27,2,18,9.67,9.64,17.15,13,0.1
7/7/2023 15:27,3,18,9.67,9.65,16.62,18,0.14
7/7/2023 15:27,4,18,9.67,9.65,17.62,22,0.17
7/7/2023 15:27,5,18,9.67,9.64,16.85,26,0.2
7/7/2023 15:27,6,18,9.67,9.64,16.68,31,0.24
7/7/2023 15:27,7,18,9.67,9.65,16.28,36,0.28
7/7/2023 15:27,8,18,9.67,9.65,16.58,41,0.31
7/7/2023 15:27,9,18,9.67,9.65,16.73,46,0.35
7/7/2023 15:27,10,18,9.67,9.65,16.98,50,0.38
7/7/2023 15:27,11,18,9.67,9.65,16.67,55,0.42
7/7/2023 15:27,12,18,9.67,9.65,16.73,60,0.46
7/7/2023 15:27,13,18,9.67,9.65,17.88,64,0.49
7/7/2023 15:27,14,18,9.67,9.66,17.95,68,0.52
7/7/2023 15:27,15,18,9.67,9.66,16.98,72,0.55
7/7/2023 15:27,16,18,9.67,9.66,18.35,76,0.58
7/7/2023 15:27,17,18,9.67,9.66,16.87,80,0.61
7/7/2023 15:27,18,18,9.67,9.66,17.33,84,0.64
7/7/2023 15:27,19,18,9.67,9.66,15.95,89,0.68
7/7/2023 15:27,20,18,9.67,9.66,18.07,93,0.71
7/7/2023 15:27,21,18,9.67,9.66,16.53,98,0.75
7/7/2023 15:27,22,18,9.67,9.66,16.9,102,0.78
7/7/2023 15:31,0,18,9.63,9.66,16.25,5,0.04
7/7/2023 15:31,1,18,9.63,9.63,16.87,9,0.07
7/7/2023 15:31,2,18,9.63,9.63,17.23,13,0.1
7/7/2023 15:31,3,18,9.63,9.64,16.88,17,0.13
7/7/2023 15:31,4,18,9.63,9.63,14.87,22,0.17
7/7/2023 15:31,5,18,9.63,9.63,16.13,27,0.21
7/7/2023 15:31,6,18,9.63,9.63,17.25,31,0.24
7/7/2023 15:31,7,18,9.63,9.63,15.9,36,0.28
7/7/2023 15:31,8,18,9.63,9.63,17.1,40,0.31
7/7/2023 15:31,9,18,9.63,9.62,16.13,45,0.34
7/7/2023 15:31,10,18,9.63,9.62,16.08,50,0.38
7/7/2023 15:31,11,18,9.63,9.63,17.83,54,0.41
7/7/2023 15:31,12,18,9.63,9.63,16.95,58,0.44
7/7/2023 15:31,13,18,9.63,9.63,16.12,63,0.48
7/7/2023 15:31,14,18,9.63,9.63,17.25,67,0.51
7/7/2023 15:31,15,18,9.63,9.63,17.62,71,0.54
7/7/2023 15:31,16,18,9.63,9.63,15.33,76,0.58
7/7/2023 15:31,17,18,9.63,9.63,17.23,80,0.61
7/7/2023 15:31,18,18,9.63,9.63,17.08,84,0.64
7/7/2023 15:31,19,18,9.63,9.63,16.8,89,0.68
7/7/2023 15:31,20,18,9.63,9.63,16,94,0.72
7/7/2023 15:31,21,18,9.63,9.63,15.3,99,0.76
7/7/2023 15:31,22,18,9.63,9.63,16.48,104,0.8
7/7/2023 15:33,0,18,9.72,9.74,820.97,2,0.02
7/7/2023 15:33,1,18,9.72,9.68,789.47,4,0.03
7/7/2023 15:33,2,18,9.72,9.7,405.85,6,0.05
7/7/2023 15:33,3,18,9.72,9.7,220.72,8,0.06
7/7/2023 15:33,4,18,9.72,9.71,61.05,10,0.08
7/7/2023 15:33,5,18,9.72,9.71,31.47,13,0.1
7/7/2023 15:33,6,18,9.72,9.72,17.87,17,0.13
7/7/2023 15:33,7,18,9.72,9.71,17.2,21,0.16
7/7/2023 15:33,8,18,9.72,9.71,17.45,25,0.19
7/7/2023 15:33,9,18,9.72,9.72,16.43,30,0.23
7/7/2023 15:33,10,18,9.72,9.72,15.98,35,0.27
7/7/2023 15:33,11,18,9.72,9.71,15.7,40,0.31
7/7/2023 15:33,12,18,9.72,9.71,16.52,45,0.35
7/7/2023 15:33,13,18,9.72,9.71,21.77,49,0.38
7/7/2023 15:33,14,18,9.72,9.71,34.88,52,0.4
7/7/2023 15:33,15,18,9.72,9.71,50.2,55,0.42
7/7/2023 15:33,16,18,9.72,9.71,76.82,57,0.44
7/7/2023 15:33,17,18,9.72,9.71,112.02,59,0.45
7/7/2023 15:33,18,18,9.72,9.71,174.53,61,0.47
7/7/2023 15:33,19,18,9.72,9.71,223.35,63,0.49
7/7/2023 15:33,20,18,9.72,9.71,431.13,65,0.5
7/7/2023 15:33,21,18,9.72,9.71,572.78,67,0.52
7/7/2023 15:33,22,18,9.72,9.71,532.73,69,0.53
7/7/2023 15:37,0,18,9.65,9.67,865.38,2,0.02
7/7/2023 15:37,1,18,9.65,9.63,811.72,4,0.03
7/7/2023 15:37,2,18,9.65,9.65,392.58,6,0.05
7/7/2023 15:37,3,18,9.65,9.67,230.1,8,0.06
7/7/2023 15:37,4,18,9.65,9.66,61.25,10,0.08
7/7/2023 15:37,5,18,9.65,9.66,33.17,13,0.1
7/7/2023 15:37,6,18,9.65,9.65,20.07,17,0.13
7/7/2023 15:37,7,18,9.65,9.65,16.58,22,0.17
7/7/2023 15:37,8,18,9.65,9.65,16.08,27,0.21
7/7/2023 15:37,9,18,9.65,9.65,16.48,32,0.25
7/7/2023 15:37,10,18,9.65,9.65,16.98,36,0.28
7/7/2023 15:37,11,18,9.65,9.65,15.6,41,0.31
7/7/2023 15:37,12,18,9.65,9.65,18.6,45,0.34
7/7/2023 15:37,13,18,9.65,9.65,22.3,49,0.38
7/7/2023 15:37,14,18,9.65,9.65,35.68,52,0.4
7/7/2023 15:37,15,18,9.65,9.66,48.97,55,0.42
7/7/2023 15:37,16,18,9.65,9.66,66.88,57,0.44
7/7/2023 15:37,17,18,9.65,9.65,104.92,59,0.45
7/7/2023 15:37,18,18,9.65,9.65,146.63,61,0.47
7/7/2023 15:37,19,18,9.65,9.65,215.17,63,0.48
7/7/2023 15:37,20,18,9.65,9.65,414.73,65,0.5
7/7/2023 15:37,21,18,9.65,9.65,546.07,67,0.51
7/7/2023 15:37,22,18,9.65,9.65,581.1,69,0.53
7/12/2023 8:00,0,18,9.57,9.55,821.92,2,0.02
7/12/2023 8:00,1,18,9.57,9.51,863.3,4,0.03
7/12/2023 8:00,2,18,9.57,9.5,408.62,6,0.05
7/12/2023 8:00,3,18,9.57,9.53,220.48,8,0.06
7/12/2023 8:00,4,18,9.57,9.52,61.25,10,0.08
7/12/2023 8:00,5,18,9.57,9.53,32.33,13,0.1
7/12/2023 8:00,6,18,9.57,9.53,21.65,17,0.13
7/12/2023 8:00,7,18,9.57,9.54,17.38,21,0.16
7/12/2023 8:00,8,18,9.57,9.55,16.1,26,0.2
7/12/2023 8:00,9,18,9.57,9.55,16.07,31,0.24
7/12/2023 8:00,10,18,9.57,9.56,16.53,36,0.27
7/12/2023 8:00,11,18,9.57,9.56,15.77,41,0.31
7/12/2023 8:00,12,18,9.57,9.56,16.85,45,0.34
7/12/2023 8:00,13,18,9.57,9.56,23.15,49,0.37
7/12/2023 8:00,14,18,9.57,9.56,36.78,52,0.39
7/12/2023 8:00,15,18,9.57,9.56,50.92,54,0.41
7/12/2023 8:00,16,18,9.57,9.56,66.07,56,0.43
7/12/2023 8:00,17,18,9.57,9.57,117.63,58,0.44
7/12/2023 8:00,18,18,9.57,9.57,179.77,60,0.46
7/12/2023 8:00,19,18,9.57,9.56,229.58,62,0.47
7/12/2023 8:00,20,18,9.57,9.57,419.57,64,0.49
7/12/2023 8:00,21,18,9.57,9.56,575.53,66,0.5
7/12/2023 8:00,22,18,9.57,9.56,538.72,68,0.52
7/12/2023 9:49:20,0,,9.65,14.46,749.22,2,0.02
7/12/2023 9:49:20,1,,9.65,14.48,782.6,4,0.03
7/12/2023 9:49:20,2,,9.65,14.46,402.68,6,0.05
7/12/2023 9:49:20,3,,9.65,14.47,234.55,8,0.06
7/12/2023 9:49:20,4,,9.65,14.48,62.02,10,0.08
7/12/2023 9:49:20,5,,9.65,14.1,30.18,13,0.1
7/12/2023 9:49:20,6,,9.65,13.61,20.62,17,0.13
7/12/2023 9:49:20,7,,9.65,13.4,17.08,21,0.16
7/12/2023 9:49:20,8,,9.65,13.23,14.88,26,0.2
7/12/2023 9:49:20,9,,9.65,13.07,15.97,31,0.24
7/12/2023 9:49:20,10,,9.65,13.0,17.67,35,0.27
7/12/2023 9:49:20,11,,9.65,12.9,15.98,40,0.31
7/12/2023 9:49:20,12,,9.65,12.87,17.73,44,0.34
7/12/2023 9:49:20,13,,9.65,12.8,22.33,48,0.37
7/12/2023 9:49:20,14,,9.65,12.8,36.02,51,0.39
7/12/2023 9:49:20,15,,9.65,12.86,51.7,53,0.41
7/12/2023 9:49:20,16,,9.65,12.92,64.43,55,0.42
7/12/2023 9:49:20,17,,9.65,12.97,113.87,57,0.44
7/12/2023 9:49:20,18,,9.65,13.02,158.23,59,0.45
7/12/2023 9:49:20,19,,9.65,13.07,260.72,61,0.47
7/12/2023 9:49:20,20,,9.65,13.11,410.95,63,0.48
7/12/2023 9:49:20,21,,9.65,13.15,547.32,65,0.5
7/12/2023 9:49:20,22,,9.65,13.19,542.98,67,0.51
7/12/2023 9:49:20,23,,9.65,13.23,574.85,69,0.53
7/12/2023 9:53:14,0,,9.72,14.42,793.82,2,0.02
7/12/2023 9:53:14,1,,9.72,14.51,794.7,4,0.03
7/12/2023 9:53:14,2,,9.72,14.57,402.68,6,0.05
7/12/2023 9:53:14,3,,9.72,14.56,223.83,8,0.06
7/12/2023 9:53:14,4,,9.72,14.56,63.0,10,0.08
7/12/2023 9:53:14,5,,9.72,14.18,30.58,13,0.1
7/12/2023 9:53:14,6,,9.72,13.7,21.47,17,0.13
7/12/2023 9:53:14,7,,9.72,13.39,16.35,22,0.17
7/12/2023 9:53:14,8,,9.72,13.16,16.65,27,0.21
7/12/2023 9:53:14,9,,9.72,13.1,17.57,31,0.24
7/12/2023 9:53:14,10,,9.72,12.99,16.32,36,0.28
7/12/2023 9:53:14,11,,9.72,12.95,17.6,40,0.31
7/12/2023 9:53:14,12,,9.72,12.94,16.9,44,0.34
7/12/2023 9:53:14,13,,9.72,12.88,23.17,48,0.37
7/12/2023 9:53:14,14,,9.72,12.88,34.4,51,0.39
7/12/2023 9:53:14,15,,9.72,12.94,50.92,53,0.41
7/12/2023 9:53:14,16,,9.72,13.0,67.87,55,0.42
7/12/2023 9:53:14,17,,9.72,13.06,106.9,57,0.44
7/12/2023 9:53:14,18,,9.72,13.11,175.38,59,0.45
7/12/2023 9:53:14,19,,9.72,13.15,248.13,61,0.47
7/12/2023 9:53:14,20,,9.72,13.2,407.7,63,0.49
7/12/2023 9:53:14,21,,9.72,13.25,524.58,65,0.5
7/12/2023 9:53:14,22,,9.72,13.29,498.43,67,0.52
7/12/2023 9:53:14,23,,9.72,13.33,541.13,69,0.53
7/12/2023 10:5:7,0,,9.63,14.44,867.47,2,0.02
7/12/2023 10:5:7,1,,9.63,14.47,831.4,4,0.03
7/12/2023 10:5:7,2,,9.63,14.48,450.0,6,0.05
7/12/2023 10:5:7,3,,9.63,14.48,238.08,8,0.06
7/12/2023 10:5:7,4,,9.63,14.47,68.7,10,0.08
7/12/2023 10:5:7,5,,9.63,14.08,32.03,13,0.1
7/12/2023 10:5:7,6,,9.63,13.6,21.32,17,0.13
7/12/2023 10:5:7,7,,9.63,13.32,14.92,22,0.17
7/12/2023 10:5:7,8,,9.63,13.1,16.43,27,0.21
7/12/2023 10:5:7,9,,9.63,13.03,17.38,31,0.24
7/12/2023 10:5:7,10,,9.63,12.98,16.97,35,0.27
7/12/2023 10:5:7,11,,9.63,12.87,16.55,40,0.31
7/12/2023 10:5:7,12,,9.63,12.79,15.78,45,0.34
7/12/2023 10:5:7,13,,9.63,12.72,22.93,49,0.37
7/12/2023 10:5:7,14,,9.63,12.73,35.45,52,0.4
7/12/2023 10:5:7,15,,9.63,12.79,51.63,54,0.41
7/12/2023 10:5:7,16,,9.63,12.85,68.48,56,0.43
7/12/2023 10:5:7,17,,9.63,12.91,109.08,58,0.44
7/12/2023 10:5:8,18,,9.63,12.96,165.52,60,0.46
7/12/2023 10:5:8,19,,9.63,13.01,246.65,62,0.47
7/12/2023 10:5:8,20,,9.63,13.05,396.03,64,0.49
7/12/2023 10:5:8,21,,9.63,13.09,535.7,66,0.5
7/12/2023 10:5:8,22,,9.63,13.14,556.83,68,0.52
7/12/2023 10:5:8,23,,9.63,13.17,589.67,70,0.54
7/12/2023 10:7:33,0,,9.53,14.25,814.47,2,0.02
7/12/2023 10:7:33,1,,9.53,14.22,766.77,4,0.03
7/12/2023 10:7:33,2,,9.53,14.24,392.15,6,0.05
7/12/2023 10:7:33,3,,9.53,14.26,234.28,8,0.06
7/12/2023 10:7:33,4,,9.53,14.25,60.13,10,0.08
7/12/2023 10:7:33,5,,9.53,13.89,30.62,13,0.1
7/12/2023 10:7:33,6,,9.53,13.45,20.2,17,0.13
7/12/2023 10:7:33,7,,9.53,13.16,15.85,22,0.17
7/12/2023 10:7:33,8,,9.53,12.99,18.2,26,0.2
7/12/2023 10:7:33,9,,9.53,12.84,15.75,31,0.23
7/12/2023 10:7:34,10,,9.53,12.73,16.13,36,0.27
7/12/2023 10:7:34,11,,9.53,12.67,15.63,41,0.31
7/12/2023 10:7:34,12,,9.53,12.64,17.23,45,0.34
7/12/2023 10:7:34,13,,9.53,12.59,21.88,49,0.37
7/12/2023 10:7:34,14,,9.53,12.59,34.93,52,0.39
7/12/2023 10:7:34,15,,9.53,12.6,49.08,55,0.42
7/12/2023 10:7:34,16,,9.53,12.67,72.1,57,0.43
7/12/2023 10:7:34,17,,9.53,12.72,103.43,59,0.45
7/12/2023 10:7:34,18,,9.53,12.77,173.7,61,0.46
7/12/2023 10:7:34,19,,9.53,12.82,223.83,63,0.48
7/12/2023 10:7:34,20,,9.53,12.86,434.77,65,0.49
7/12/2023 10:7:34,21,,9.53,12.9,555.55,67,0.51
7/12/2023 10:7:35,22,,9.53,12.94,561.4,69,0.52
7/12/2023 10:7:35,23,,9.53,12.98,572.1,71,0.54
7/12/2023 10:11:34,0,1,9.68,14.52,812.63,2,0.02
7/12/2023 10:11:34,1,1,9.68,14.51,860.2,4,0.03
7/12/2023 10:11:34,2,1,9.68,14.56,396.47,6,0.05
7/12/2023 10:11:34,3,1,9.68,14.56,255.85,8,0.06
7/12/2023 10:11:34,4,1,9.68,14.55,61.53,10,0.08
7/12/2023 10:11:34,5,1,9.68,14.17,31.77,13,0.1
7/12/2023 10:11:35,6,1,9.68,13.7,20.92,17,0.13
7/12/2023 10:11:35,7,1,9.68,13.37,16.07,22,0.17
7/12/2023 10:11:35,8,1,9.68,13.18,15.53,27,0.21
7/12/2023 10:11:35,9,1,9.68,13.04,16.3,32,0.25
7/12/2023 10:11:35,10,1,9.68,13.0,16.95,36,0.28
7/12/2023 10:11:35,11,1,9.68,12.99,16.82,40,0.31
7/12/2023 10:11:35,12,1,9.68,12.91,16.15,45,0.35
7/12/2023 10:11:35,13,1,9.68,12.84,22.98,49,0.38
7/12/2023 10:11:35,14,1,9.68,12.85,35.88,52,0.4
7/12/2023 10:11:35,15,1,9.68,12.85,42.93,55,0.42
7/12/2023 10:11:35,16,1,9.68,12.91,69.68,57,0.44
7/12/2023 10:11:35,17,1,9.68,12.96,112.93,59,0.45
7/12/2023 10:11:35,18,1,9.68,13.02,163.45,61,0.47
7/12/2023 10:11:35,19,1,9.68,13.06,230.87,63,0.48
7/12/2023 10:11:35,20,1,9.68,13.11,435.83,65,0.5
7/12/2023 10:11:35,21,1,9.68,13.15,530.97,67,0.51
7/12/2023 10:11:35,22,1,9.68,13.19,591.85,69,0.53
7/12/2023 10:11:35,23,1,9.68,13.23,535.12,71,0.55
7/12/2023 10:42:7,0,1,9.55,14.27,765.13,2,0.02
7/12/2023 10:42:7,1,1,9.55,14.33,788.6,4,0.03
7/12/2023 10:42:7,2,1,9.55,14.33,382.57,6,0.05
7/12/2023 10:42:7,3,1,9.55,14.32,223.12,8,0.06
7/12/2023 10:42:7,4,1,9.55,14.3,63.73,10,0.08
7/12/2023 10:42:7,5,1,9.55,13.95,30.18,13,0.1
7/12/2023 10:42:7,6,1,9.55,13.46,20.4,17,0.13
7/12/2023 10:42:7,7,1,9.55,13.27,17.43,21,0.16
7/12/2023 10:42:7,8,1,9.55,13.13,17.22,25,0.19
7/12/2023 10:42:7,9,1,9.55,12.97,15.62,30,0.23
7/12/2023 10:42:7,10,1,9.55,12.82,16.78,35,0.27
7/12/2023 10:42:7,11,1,9.55,12.73,16.05,40,0.3
7/12/2023 10:42:7,12,1,9.55,12.65,16.02,45,0.34
7/12/2023 10:42:7,13,1,9.55,12.6,20.93,49,0.37
7/12/2023 10:42:7,14,1,9.55,12.6,36.43,52,0.39
7/12/2023 10:42:7,15,1,9.55,12.61,50.03,55,0.42
7/12/2023 10:42:7,16,1,9.55,12.67,66.73,57,0.43
7/12/2023 10:42:7,17,1,9.55,12.73,110.22,59,0.45
7/12/2023 10:42:7,18,1,9.55,12.78,181.12,61,0.46
7/12/2023 10:42:7,19,1,9.55,12.83,236.72,63,0.48
7/12/2023 10:42:7,20,1,9.55,12.87,439.02,65,0.49
7/12/2023 10:42:7,21,1,9.55,12.92,525.73,67,0.51
7/12/2023 10:42:7,22,1,9.55,12.96,504.72,69,0.52
7/12/2023 10:42:7,23,1,9.55,13.0,546.07,71,0.54
7/12/2023 10:51:56,0,1,9.6,14.3,824.73,2,0.02
7/12/2023 10:51:56,1,1,9.6,14.34,818.17,4,0.03
7/12/2023 10:51:57,2,1,9.6,14.38,449.43,6,0.05
7/12/2023 10:51:57,3,1,9.6,14.39,260.72,8,0.06
7/12/2023 10:51:57,4,1,9.6,14.38,61.73,10,0.08
7/12/2023 10:51:57,5,1,9.6,14.01,30.48,13,0.1
7/12/2023 10:51:57,6,1,9.6,13.55,21.97,17,0.13
7/12/2023 10:51:57,7,1,9.6,13.22,15.83,22,0.17
7/12/2023 10:51:57,8,1,9.6,13.02,16.32,27,0.21
7/12/2023 10:51:57,9,1,9.6,12.91,15.33,32,0.24
7/12/2023 10:51:57,10,1,9.6,12.79,16.63,37,0.28
7/12/2023 10:51:57,11,1,9.6,12.71,16.17,42,0.32
7/12/2023 10:51:57,12,1,9.6,12.69,17.17,46,0.35
7/12/2023 10:51:57,13,1,9.6,12.64,23.87,50,0.38
7/12/2023 10:51:57,14,1,9.6,12.65,38.98,53,0.4
7/12/2023 10:51:57,15,1,9.6,12.66,49.68,56,0.43
7/12/2023 10:51:57,16,1,9.6,12.72,69.03,58,0.44
7/12/2023 10:51:57,17,1,9.6,12.78,110.97,60,0.46
7/12/2023 10:51:57,18,1,9.6,12.83,150.47,62,0.47
7/12/2023 10:51:57,19,1,9.6,12.87,219.77,64,0.49
7/12/2023 10:51:57,20,1,9.6,12.92,400.43,66,0.5
7/12/2023 10:51:57,21,1,9.6,12.96,565.37,68,0.52
7/12/2023 10:51:57,22,1,9.6,13.01,578.3,70,0.53
7/12/2023 10:51:57,23,1,9.6,13.04,515.02,72,0.55
7/12/2023 10:56:35,0,1,9.57,14.39,866.42,2,0.02
7/12/2023 10:56:35,1,1,9.57,14.34,795.57,4,0.03
7/12/2023 10:56:35,2,1,9.57,14.38,427.55,6,0.05
7/12/2023 10:56:35,3,1,9.57,14.37,226.8,8,0.06
7/12/2023 10:56:35,4,1,9.57,14.37,65.85,10,0.08
7/12/2023 10:56:35,5,1,9.57,14.02,33.2,13,0.1
7/12/2023 10:56:35,6,1,9.57,13.55,19.82,17,0.13
7/12/2023 10:56:35,7,1,9.57,13.31,17.87,21,0.16
7/12/2023 10:56:35,8,1,9.57,13.06,16.2,26,0.2
7/12/2023 10:56:35,9,1,9.57,13.0,16.93,30,0.23
7/12/2023 10:56:35,10,1,9.57,12.88,15.85,35,0.27
7/12/2023 10:56:35,11,1,9.57,12.77,16.58,40,0.3
7/12/2023 10:56:35,12,1,9.57,12.71,15.2,45,0.34
7/12/2023 10:56:35,13,1,9.57,12.65,23.97,49,0.37
7/12/2023 10:56:35,14,1,9.57,12.65,35.88,52,0.39
7/12/2023 10:56:35,15,1,9.57,12.66,47.78,55,0.42
7/12/2023 10:56:35,16,1,9.57,12.71,70.92,57,0.43
7/12/2023 10:56:35,17,1,9.57,12.77,111.1,59,0.45
7/12/2023 10:56:35,18,1,9.57,12.82,167.63,61,0.46
7/12/2023 10:56:35,19,1,9.57,12.87,234.02,63,0.48
7/12/2023 10:56:35,20,1,9.57,12.91,450.55,65,0.49
7/12/2023 10:56:35,21,1,9.57,12.95,586.78,67,0.51
7/12/2023 10:56:35,22,1,9.57,12.99,547.32,69,0.52
7/12/2023 10:56:35,23,1,9.57,13.03,544.83,71,0.54
7/12/2023 12:4:2,0,1,9.6,14.48,809.88,2,0.02
7/12/2023 12:12:11,0,1,9.57,14.26,797.33,2,0.02
7/12/2023 12:12:11,1,1,9.57,14.33,809.88,4,0.03
7/12/2023 12:12:11,2,1,9.57,14.32,407.23,6,0.05
7/12/2023 12:12:11,3,1,9.57,14.35,247.83,8,0.06
7/12/2023 12:12:11,4,1,9.57,14.34,64.92,10,0.08
7/12/2023 12:12:11,5,1,9.57,13.96,29.52,13,0.1
7/12/2023 12:12:11,6,1,9.57,13.48,20.52,17,0.13
7/12/2023 12:12:11,7,1,9.57,13.16,16.18,22,0.17
7/12/2023 12:12:12,8,1,9.57,12.98,16.0,27,0.2
7/12/2023 12:12:12,9,1,9.57,12.85,15.68,32,0.24
7/12/2023 12:12:12,10,1,9.57,12.73,16.63,37,0.28
7/12/2023 12:12:12,11,1,9.57,12.64,16.3,42,0.32
7/12/2023 12:12:12,12,1,9.57,12.61,18.08,46,0.35
7/12/2023 12:12:12,13,1,9.57,12.56,23.58,50,0.38
7/12/2023 12:12:12,14,1,9.57,12.57,36.27,53,0.4
7/12/2023 12:12:12,15,1,9.57,12.63,52.5,55,0.42
7/12/2023 12:12:12,16,1,9.57,12.69,72.9,57,0.43
7/12/2023 12:12:12,17,1,9.57,12.75,108.72,59,0.45
7/12/2023 12:12:12,18,1,9.57,12.8,162.88,61,0.46
7/12/2023 12:12:12,19,1,9.57,12.85,230.1,63,0.48
7/12/2023 12:12:12,20,1,9.57,12.9,424.02,65,0.49
7/12/2023 12:12:12,21,1,9.57,12.94,570.07,67,0.51
7/12/2023 12:12:12,22,1,9.57,12.99,570.07,69,0.52
7/12/2023 12:12:12,23,1,9.57,13.02,552.35,71,0.54
7/12/2023 12:13:6,0,1,9.65,14.57,822.85,2,0.02
7/12/2023 12:13:42,1,1,9.65,14.5,736.18,4,0.03
7/12/2023 12:13:55,2,1,9.65,14.53,411.88,6,0.05
7/12/2023 12:14:3,3,1,9.65,14.5,242.87,8,0.06
7/12/2023 12:15:17,4,1,9.65,14.51,65.3,10,0.08
7/12/2023 12:16:3,0,1,9.63,14.53,744.57,2,0.02
7/12/2023 12:16:3,1,1,9.63,14.53,936.27,4,0.03
7/12/2023 12:16:3,2,1,9.63,14.45,404.48,6,0.05
7/12/2023 12:16:3,3,1,9.63,14.45,241.15,8,0.06
7/12/2023 12:16:3,4,1,9.63,14.47,58.67,10,0.08
7/12/2023 12:51:56,0,1,9.67,14.48,917.18,2,0.02
7/12/2023 12:51:56,1,1,9.67,14.48,953.63,4,0.03
7/12/2023 12:51:56,2,1,9.67,14.52,436.35,6,0.05
7/12/2023 12:51:56,3,1,9.67,14.5,239.2,8,0.06
7/12/2023 12:51:56,4,1,9.67,14.49,61.4,10,0.08
7/12/2023 13:11:58,0,1,9.67,14.66,805.37,2,0.02
7/12/2023 13:11:58,1,1,9.67,14.57,810.8,4,0.03
7/12/2023 13:11:58,2,1,9.67,14.54,421.05,6,0.05
7/12/2023 13:14:37,0,1,9.6,14.41,801.77,2,0.02
7/12/2023 13:14:37,1,1,9.6,14.31,808.07,4,0.03
7/12/2023 13:14:37,2,1,9.6,14.32,408.62,6,0.05
7/12/2023 13:19:15,0,1,9.63,14.52,833.33,2,0.02
7/12/2023 13:19:15,1,1,9.63,14.52,797.33,4,0.03
7/12/2023 13:19:15,2,1,9.63,14.53,417.63,6,0.05
7/12/2023 13:19:15,3,1,9.63,14.53,259.73,8,0.06
7/12/2023 13:19:15,4,1,9.63,14.5,61.8,10,0.08
7/12/2023 13:19:15,5,1,9.63,14.12,30.05,13,0.1
7/12/2023 13:19:15,6,2,9.63,13.06,20.83,17,0.13
7/12/2023 13:19:15,7,3,9.63,12.41,16.92,21,0.16
7/12/2023 13:19:15,8,3,9.63,11.96,17.17,25,0.19
7/12/2023 13:19:15,9,3,9.63,11.57,15.58,30,0.23
7/12/2023 13:19:15,10,3,9.63,11.29,16.68,35,0.27
7/12/2023 13:19:15,11,3,9.63,11.08,15.47,40,0.31
7/12/2023 13:19:15,12,3,9.63,10.95,17.28,44,0.34
7/12/2023 13:19:15,13,3,9.63,10.84,23.33,48,0.37
7/12/2023 13:19:15,14,3,9.63,10.77,39.92,51,0.39
7/12/2023 13:19:15,15,2,9.63,10.72,53.87,53,0.41
7/12/2023 13:19:15,16,2,9.63,10.68,68.1,55,0.42
7/12/2023 13:19:15,17,2,9.63,10.64,109.08,57,0.44
7/12/2023 13:19:15,18,2,9.63,10.61,173.28,59,0.45
7/12/2023 13:19:15,19,2,9.63,10.58,238.08,61,0.47
7/12/2023 13:19:15,20,2,9.63,10.55,431.65,63,0.48
7/12/2023 13:19:15,21,2,9.63,10.52,529.8,65,0.5
7/12/2023 13:19:16,22,1,9.63,10.64,515.57,67,0.51
7/12/2023 13:19:16,23,1,9.63,10.75,570.73,69,0.53
7/12/2023 13:22:10,0,1,9.58,14.31,775.02,2,0.02
7/12/2023 13:22:10,1,1,9.58,14.31,793.82,4,0.03
7/12/2023 13:22:10,2,1,9.58,14.33,412.37,6,0.05
7/12/2023 13:22:10,3,1,9.58,14.37,221.67,8,0.06
7/12/2023 13:22:10,4,1,9.58,14.37,58.42,10,0.08
7/12/2023 13:22:10,5,1,9.58,13.99,31.08,13,0.1
7/12/2023 13:22:10,6,2,9.58,12.94,21.55,17,0.13
7/12/2023 13:22:10,7,3,9.58,12.3,17.47,21,0.16
7/12/2023 13:22:10,8,3,9.58,11.78,16.7,26,0.2
7/12/2023 13:22:10,9,3,9.58,11.42,15.77,31,0.24
7/12/2023 13:22:10,10,3,9.58,11.21,17.1,35,0.27
7/12/2023 13:22:10,11,3,9.58,11.0,15.75,40,0.3
7/12/2023 13:22:10,12,3,9.58,10.88,17.27,44,0.33
7/12/2023 13:22:10,13,3,9.58,10.77,23.03,48,0.37
7/12/2023 13:22:10,14,3,9.58,10.7,34.1,51,0.39
7/12/2023 13:22:10,15,2,9.58,10.66,50.62,53,0.4
7/12/2023 13:22:10,16,2,9.58,10.62,73.17,55,0.42
7/12/2023 13:22:10,17,2,9.58,10.58,110.08,57,0.43
7/12/2023 13:22:11,18,2,9.58,10.55,175.38,59,0.45
7/12/2023 13:22:11,19,2,9.58,10.52,250.87,61,0.46
7/12/2023 13:22:11,20,2,9.58,10.49,395.6,63,0.48
7/12/2023 13:22:11,21,2,9.58,10.46,536.3,65,0.49
7/12/2023 13:22:11,22,1,9.58,10.58,546.68,67,0.51
7/12/2023 13:22:11,23,1,9.58,10.69,535.7,69,0.52
7/12/2023 13:46:8,0,1,9.68,14.53,860.2,2,0.02
7/12/2023 13:46:8,1,1,9.68,14.54,808.98,4,0.03
7/12/2023 13:46:8,2,1,9.68,14.52,426.53,6,0.05
7/12/2023 13:46:8,3,1,9.68,14.51,253.33,8,0.06
7/12/2023 13:46:8,4,1,9.68,14.52,59.55,10,0.08
7/12/2023 13:46:8,5,1,9.68,14.17,32.45,13,0.1
7/12/2023 13:46:9,6,2,9.68,13.11,20.73,17,0.13
7/12/2023 13:46:9,7,3,9.68,12.34,15.83,22,0.17
7/12/2023 13:46:9,8,3,9.68,11.84,15.68,27,0.21
7/12/2023 13:46:9,9,3,9.68,11.51,16.33,32,0.25
7/12/2023 13:46:9,10,3,9.68,11.31,16.85,36,0.28
7/12/2023 13:46:9,11,3,9.68,11.11,16.3,41,0.32
7/12/2023 13:46:9,12,3,9.68,10.95,16.42,46,0.35
7/12/2023 13:46:9,13,3,9.68,10.85,22.62,50,0.38
7/12/2023 13:46:9,14,3,9.68,10.78,35.77,53,0.41
7/12/2023 13:46:9,15,2,9.68,10.74,51.38,55,0.42
7/12/2023 13:46:9,16,2,9.68,10.71,70.25,57,0.44
7/12/2023 13:46:9,17,2,9.68,10.67,105.6,59,0.45
7/12/2023 13:46:9,18,2,9.68,10.64,170.2,61,0.47
7/12/2023 13:46:10,19,2,9.68,10.61,258.75,63,0.48
7/12/2023 13:46:10,20,2,9.68,10.58,434.77,65,0.5
7/12/2023 13:46:10,21,2,9.68,10.55,502.08,67,0.51
7/12/2023 13:46:10,22,1,9.68,10.67,580.4,69,0.53
7/12/2023 13:46:10,23,1,9.68,10.78,541.13,71,0.55
7/12/2023 14:18:59,0,1,9.73,14.56,792.95,2,0.02
7/12/2023 14:18:59,1,1,9.73,14.61,857.13,4,0.03
7/12/2023 14:18:59,2,1,9.73,14.54,394.73,6,0.05
7/12/2023 14:18:59,3,2,9.73,13.35,239.47,8,0.06
7/12/2023 14:18:59,4,4,9.73,12.64,65.15,10,0.08
7/12/2023 14:18:59,5,8,9.73,11.98,28.42,13,0.1
7/12/2023 14:18:59,6,12,9.73,11.45,20.9,17,0.13
7/12/2023 14:18:59,7,14,9.73,11.13,17.65,21,0.16
7/12/2023 14:18:59,8,16,9.73,10.86,16.12,26,0.2
7/12/2023 14:18:59,9,17,9.73,10.68,14.65,31,0.24
7/12/2023 14:18:59,10,18,9.73,10.58,16.97,35,0.27
7/12/2023 14:18:59,11,19,9.73,10.47,16.72,40,0.31
7/12/2023 14:18:59,12,18,9.73,10.39,15.32,45,0.35
7/12/2023 14:18:59,13,16,9.73,10.34,23.25,49,0.38
7/12/2023 14:18:59,14,12,9.73,10.31,34.7,52,0.4
7/12/2023 14:18:59,15,8,9.73,10.27,48.32,55,0.42
7/12/2023 14:18:59,16,8,9.73,10.26,69.35,57,0.44
7/12/2023 14:18:59,17,8,9.73,10.24,109.2,59,0.46
7/12/2023 14:18:59,18,8,9.73,10.22,155.83,61,0.47
7/12/2023 14:18:59,19,8,9.73,10.21,226.05,63,0.49
7/12/2023 14:18:59,20,8,9.73,10.19,410.48,65,0.5
7/12/2023 14:18:59,21,8,9.73,10.18,542.98,67,0.52
7/12/2023 14:18:59,22,1,9.73,10.31,522.3,69,0.53
7/12/2023 14:18:59,23,1,9.73,10.43,554.27,71,0.55
7/12/2023 14:28:19,0,1,9.63,14.5,925.43,2,0.02
7/12/2023 14:28:19,1,1,9.63,14.45,874.83,4,0.03
7/12/2023 14:28:19,2,1,9.63,14.46,410.02,6,0.05
7/12/2023 14:28:19,3,2,9.63,13.24,216.3,8,0.06
7/12/2023 14:28:19,4,4,9.63,12.51,62.93,10,0.08
7/12/2023 14:28:19,5,8,9.63,11.85,31.15,13,0.1
7/12/2023 14:28:19,6,12,9.63,11.32,20.62,17,0.13
7/12/2023 14:28:19,7,14,9.63,11.0,17.35,21,0.16
7/12/2023 14:28:19,8,16,9.63,10.78,18.38,25,0.19
7/12/2023 14:28:19,9,17,9.63,10.59,16.22,30,0.23
7/12/2023 14:28:19,10,18,9.63,10.46,16.52,35,0.27
7/12/2023 14:28:19,11,19,9.63,10.36,16.28,40,0.31
7/12/2023 14:28:19,12,18,9.63,10.27,15.68,45,0.34
7/12/2023 14:28:19,13,16,9.63,10.22,23.62,49,0.37
7/12/2023 14:28:19,14,12,9.63,10.19,39.27,52,0.4
7/12/2023 14:28:19,15,8,9.63,10.16,51.93,54,0.41
7/12/2023 14:28:19,16,8,9.63,10.15,73.25,56,0.43
7/12/2023 14:28:19,17,8,9.63,10.13,109.95,58,0.44
7/12/2023 14:28:19,18,8,9.63,10.11,151.88,60,0.46
7/12/2023 14:28:19,19,8,9.63,10.1,252.72,62,0.47
7/12/2023 14:28:19,20,8,9.63,10.08,411.42,64,0.49
7/12/2023 14:28:19,21,8,9.63,10.07,571.42,66,0.5
7/12/2023 14:28:19,22,1,9.63,10.2,613.02,68,0.52
7/12/2023 14:28:19,23,1,9.63,10.32,593.32,70,0.54
7/12/2023 14:35:46,0,1,9.57,14.24,849.05,2,0.02
7/12/2023 14:35:46,1,1,9.57,14.25,791.2,4,0.03
7/12/2023 14:35:46,2,1,9.57,14.26,420.07,6,0.05
7/12/2023 14:35:46,3,2,9.57,13.07,244.88,8,0.06
7/12/2023 14:35:46,4,4,9.57,12.36,63.28,10,0.08
7/12/2023 14:35:46,5,8,9.57,11.72,29.82,13,0.1
7/12/2023 14:35:46,6,12,9.57,11.21,22.38,17,0.13
7/12/2023 14:35:46,7,14,9.57,10.91,16.95,21,0.16
7/12/2023 14:35:46,8,16,9.57,10.65,16.7,26,0.2
7/12/2023 14:35:46,9,17,9.57,10.47,16.05,31,0.24
7/12/2023 14:35:46,10,18,9.57,10.37,17.28,35,0.27
7/12/2023 14:35:46,11,19,9.57,10.29,17.17,39,0.3
7/12/2023 14:35:46,12,18,9.57,10.22,16.98,43,0.33
7/12/2023 14:35:46,13,16,9.57,10.16,23.48,47,0.36
7/12/2023 14:35:46,14,12,9.57,10.13,35.82,50,0.38
7/12/2023 14:35:46,15,8,9.57,10.1,49.87,53,0.4
7/12/2023 14:35:46,16,8,9.57,10.08,67.4,55,0.42
7/12/2023 14:35:47,17,8,9.57,10.06,105.6,57,0.43
7/12/2023 14:35:47,18,8,9.57,10.05,158.4,59,0.45
7/12/2023 14:35:47,19,8,9.57,10.03,227.8,61,0.46
7/12/2023 14:35:47,20,8,9.57,10.02,396.47,63,0.48
7/12/2023 14:35:47,21,8,9.57,10.0,543.6,65,0.49
7/12/2023 14:35:47,22,1,9.57,10.13,534.52,67,0.51
7/12/2023 14:35:47,23,1,9.57,10.26,539.32,69,0.52
7/12/2023 14:39:8,0,1,9.77,14.71,810.8,2,0.02
7/12/2023 14:39:8,1,1,9.77,14.66,816.32,4,0.03
7/12/2023 14:39:8,2,1,9.77,14.67,427.55,6,0.05
7/12/2023 14:39:8,3,2,9.77,13.44,250.87,8,0.06
7/12/2023 14:39:8,4,4,9.77,12.7,61.25,10,0.08
7/12/2023 14:39:8,5,8,9.77,12.02,30.8,13,0.1
7/12/2023 14:39:8,6,12,9.77,11.48,19.5,17,0.13
7/12/2023 14:39:8,7,14,9.77,11.1,15.35,22,0.17
7/12/2023 14:39:9,8,16,9.77,10.86,16.53,27,0.21
7/12/2023 14:39:9,9,17,9.77,10.69,16.67,32,0.25
7/12/2023 14:39:9,10,18,9.77,10.57,15.87,37,0.29
7/12/2023 14:39:9,11,19,9.77,10.47,15.82,42,0.33
7/12/2023 14:39:9,12,18,9.77,10.4,15.87,47,0.36
7/12/2023 14:39:9,13,16,9.77,10.36,24.32,51,0.4
7/12/2023 14:39:9,14,12,9.77,10.32,36.18,54,0.42
7/12/2023 14:39:9,15,8,9.77,10.31,55.87,56,0.43
7/12/2023 14:39:9,16,8,9.77,10.29,69.2,58,0.45
7/12/2023 14:39:9,17,8,9.77,10.27,106.18,60,0.47
7/12/2023 14:39:9,18,8,9.77,10.25,157.88,62,0.48
7/12/2023 14:39:9,19,8,9.77,10.23,246.07,64,0.5
7/12/2023 14:39:9,20,8,9.77,10.22,430.62,66,0.51
7/12/2023 14:39:9,21,8,9.77,10.2,549.82,68,0.53
7/12/2023 14:39:10,22,1,9.77,10.33,548.57,70,0.54
7/12/2023 14:39:10,23,1,9.77,10.45,547.93,72,0.56
7/12/2023 14:39:46,0,1,9.68,14.55,842.1,2,0.02
7/12/2023 14:39:46,1,1,9.68,14.52,790.33,4,0.03
7/12/2023 14:39:46,2,1,9.68,14.49,414.27,6,0.05
7/12/2023 14:39:46,3,2,9.68,13.25,247.55,8,0.06
7/12/2023 14:39:46,4,4,9.68,12.53,61.4,10,0.08
7/12/2023 14:39:46,5,8,9.68,11.89,29.92,13,0.1
7/12/2023 14:39:46,6,12,9.68,11.37,19.88,17,0.13
7/12/2023 14:39:46,7,14,9.68,11.05,16.98,21,0.16
7/12/2023 14:39:46,8,16,9.68,10.78,15.98,26,0.2
7/12/2023 14:39:46,9,17,9.68,10.6,15.25,31,0.24
7/12/2023 14:39:46,10,18,9.68,10.48,16.42,36,0.28
7/12/2023 14:39:46,11,19,9.68,10.38,15.75,41,0.32
7/12/2023 14:39:46,12,18,9.68,10.3,16.05,46,0.35
7/12/2023 14:39:46,13,16,9.68,10.25,23.17,50,0.38
7/12/2023 14:39:46,14,12,9.68,10.22,36.87,53,0.41
7/12/2023 14:39:46,15,8,9.68,10.19,45.12,56,0.43
7/12/2023 14:39:46,16,8,9.68,10.17,67.03,58,0.45
7/12/2023 14:39:46,17,8,9.68,10.15,110.85,60,0.46
7/12/2023 14:39:46,18,8,9.68,10.14,169.6,62,0.48
7/12/2023 14:39:46,19,8,9.68,10.12,235.1,64,0.49
7/12/2023 14:39:46,20,8,9.68,10.11,396.47,66,0.51
7/12/2023 14:39:47,21,8,9.68,10.1,547.93,68,0.52
7/12/2023 14:39:47,22,1,9.68,10.22,536.3,70,0.54
7/12/2023 14:39:47,23,1,9.68,10.34,552.35,72,0.55
7/13/2023 10:19:25,0,1,9.52,14.23,916.02,2,0.02
7/13/2023 10:19:25,1,1,9.52,14.26,814.47,4,0.03
7/13/2023 10:19:25,2,1,9.52,14.21,433.2,6,0.05
7/13/2023 10:19:25,3,2,9.52,13.03,240.87,8,0.06
7/13/2023 10:19:25,4,4,9.52,12.31,62.5,10,0.08
7/13/2023 10:19:25,5,8,9.52,11.68,31.58,13,0.1
7/13/2023 10:19:25,6,12,9.52,11.17,21.17,17,0.13
7/13/2023 10:19:25,7,14,9.52,10.8,16.65,22,0.17
7/13/2023 10:19:25,8,16,9.52,10.56,15.48,27,0.2
7/13/2023 10:19:25,9,17,9.52,10.4,16.25,32,0.24
7/13/2023 10:19:25,10,18,9.52,10.28,16.55,37,0.28
7/13/2023 10:19:25,11,19,9.52,10.19,15.35,42,0.32
7/13/2023 10:19:25,12,18,9.52,10.12,15.53,47,0.35
7/13/2023 10:19:26,13,16,9.52,10.07,22.75,51,0.39
7/13/2023 10:19:26,14,11,9.52,10.04,35.65,54,0.41
7/13/2023 10:19:26,15,7,9.52,10.02,53.2,56,0.42
7/13/2023 10:19:26,16,5,9.52,10.01,72.63,58,0.44
7/13/2023 10:19:26,17,3,9.52,9.99,111.75,60,0.45
7/13/2023 10:19:26,18,3,9.52,9.98,172.23,62,0.47
7/13/2023 10:19:26,19,2,9.52,9.96,238.37,64,0.48
7/13/2023 10:19:26,20,1,9.52,10.09,456.27,66,0.5
7/13/2023 10:19:26,21,1,9.52,10.21,538.72,68,0.51
7/13/2023 10:19:26,22,1,9.52,10.32,572.1,70,0.53
7/13/2023 10:19:26,23,1,9.52,10.44,554.9,72,0.54
7/13/2023 10:24:1,0,1,9.62,14.27,812.63,2,0.01
7/13/2023 10:24:1,1,1,9.62,14.28,775.85,4,0.03
7/13/2023 10:24:1,2,1,9.62,14.3,405.4,6,0.04
7/13/2023 10:24:1,3,3,9.62,13.11,242.02,8,0.06
7/13/2023 10:24:1,4,5,9.62,12.42,58.85,10,0.07
7/13/2023 10:24:1,5,9,9.62,11.77,28.58,13,0.09
7/13/2023 10:24:1,6,14,9.62,11.25,21.97,17,0.12
7/13/2023 10:24:1,7,15,9.62,10.95,16.83,21,0.15
7/13/2023 10:24:1,8,18,9.62,10.74,17.63,25,0.17
7/13/2023 10:24:1,9,19,9.62,10.58,17.67,29,0.2
7/13/2023 10:24:1,10,20,9.62,10.44,16.62,34,0.24
7/13/2023 10:24:1,11,21,9.62,10.33,16.5,39,0.27
7/13/2023 10:24:1,12,19,9.62,10.25,16.38,44,0.31
7/13/2023 10:24:1,13,17,9.62,10.2,22.88,48,0.33
7/13/2023 10:24:1,14,12,9.62,10.17,32.57,51,0.36
7/13/2023 10:24:1,15,7,9.62,10.14,47.58,54,0.38
7/13/2023 10:24:1,16,7,9.62,10.12,72.8,56,0.39
7/13/2023 10:24:1,17,4,9.62,10.11,107.5,58,0.4
7/13/2023 10:24:1,18,3,9.62,10.09,166.67,60,0.42
7/13/2023 10:24:1,19,2,9.62,10.07,239.2,62,0.43
7/13/2023 10:24:1,20,1,9.62,10.2,428.05,64,0.45
7/13/2023 10:24:1,21,1,9.62,10.33,563.37,66,0.46
7/13/2023 10:24:1,22,1,9.62,10.45,561.4,68,0.47
7/13/2023 10:24:1,23,1,9.62,10.57,552.35,70,0.49
7/13/2023 10:29:45,0,1,9.55,14.48,911.38,2,0.01
7/13/2023 10:29:45,1,1,9.55,14.43,821.92,4,0.03
7/13/2023 10:29:45,2,1,9.55,14.42,382.15,6,0.04
7/13/2023 10:29:45,3,2,9.55,13.18,236.45,8,0.06
7/13/2023 10:29:45,4,4,9.55,12.45,68.28,10,0.07
7/13/2023 10:29:45,5,8,9.55,11.79,30.83,13,0.09
7/13/2023 10:29:45,6,13,9.55,11.25,19.88,17,0.12
7/13/2023 10:29:45,7,14,9.55,10.92,17.07,21,0.15
7/13/2023 10:29:45,8,17,9.55,10.71,17.4,25,0.17
7/13/2023 10:29:45,9,18,9.55,10.55,17.47,29,0.2
7/13/2023 10:29:45,10,19,9.55,10.43,17.27,33,0.23
7/13/2023 10:29:45,11,20,9.55,10.31,16.55,38,0.26
7/13/2023 10:29:45,12,19,9.55,10.24,17.02,42,0.29
7/13/2023 10:29:45,13,17,9.55,10.18,23.75,46,0.32
7/13/2023 10:29:46,14,12,9.55,10.14,33.68,49,0.34
7/13/2023 10:29:46,15,7,9.55,10.12,50.67,51,0.35
7/13/2023 10:29:46,16,6,9.55,10.1,68.48,53,0.37
7/13/2023 10:29:46,17,3,9.55,10.07,109.45,55,0.38
7/13/2023 10:29:46,18,4,9.55,10.06,170.4,57,0.39
7/13/2023 10:29:46,19,3,9.55,10.04,228.82,59,0.41
7/13/2023 10:29:46,20,2,9.55,10.02,424.52,61,0.42
7/13/2023 10:29:46,21,2,9.55,10.01,529.8,63,0.44
7/13/2023 10:29:46,22,1,9.55,10.14,544.22,65,0.45
7/13/2023 10:29:46,23,1,9.55,10.27,563.37,67,0.46
7/13/2023 10:47:24,0,1,9.58,14.46,60.0,2,0.01
7/13/2023 10:47:24,1,1,9.58,14.37,60.0,4,0.03
7/13/2023 10:47:24,2,1,9.58,13.15,20.0,8,0.06
7/13/2023 10:47:24,3,2,9.58,11.61,12.0,14,0.1
7/13/2023 10:47:24,4,4,9.58,10.49,2.6,35,0.24
7/13/2023 10:47:24,5,8,9.58,10.02,1.27,76,0.53
7/13/2023 10:47:24,6,13,9.58,9.83,0.87,136,0.94
7/13/2023 10:47:24,7,14,9.58,9.95,0.67,211,1.47
7/13/2023 10:47:25,8,17,9.58,9.85,0.63,292,2.03
7/13/2023 10:47:25,9,18,9.58,9.8,0.68,367,2.55
7/13/2023 10:47:25,10,19,9.58,9.76,0.68,442,3.07
7/13/2023 10:47:25,11,20,9.58,9.73,0.68,517,3.59
7/13/2023 10:47:26,12,19,9.58,9.71,0.67,594,4.12
7/13/2023 10:47:26,13,17,9.58,9.7,1.0,646,4.49
7/13/2023 10:47:26,14,12,9.58,9.69,1.57,680,4.72
7/13/2023 10:47:26,15,7,9.58,9.69,2.07,706,4.9
7/13/2023 10:47:26,16,6,9.58,9.69,3.0,724,5.03
7/13/2023 10:47:26,17,3,9.58,9.69,4.6,736,5.11
7/13/2023 10:47:26,18,4,9.58,9.69,6.67,745,5.17
7/13/2023 10:47:26,19,3,9.58,9.69,12.0,751,5.22
7/13/2023 10:47:26,20,2,9.58,9.68,20.0,755,5.24
7/13/2023 10:47:26,21,2,9.58,9.68,30.0,758,5.26
7/13/2023 10:47:26,22,1,9.58,9.7,30.0,761,5.28
7/13/2023 10:47:26,23,1,9.58,9.71,30.0,764,5.31
7/13/2023 10:49:47,0,1,9.62,14.39,60.0,2,0.01
7/13/2023 10:49:47,1,1,9.62,14.45,60.0,4,0.03
7/13/2023 10:49:47,2,1,9.62,13.26,20.0,8,0.06
7/13/2023 10:49:47,3,2,9.62,11.58,10.0,15,0.1
7/13/2023 10:49:47,4,4,9.62,10.52,2.85,34,0.24
7/13/2023 10:49:47,5,8,9.62,10.07,1.22,77,0.54
7/13/2023 10:49:47,6,13,9.62,9.87,0.85,138,0.96
7/13/2023 10:49:47,7,14,9.62,10.22,0.65,213,1.48
7/13/2023 10:49:48,8,17,9.62,10.07,0.7,286,1.99
7/13/2023 10:49:48,9,18,9.62,9.98,0.68,361,2.52
7/13/2023 10:49:48,10,19,9.62,9.91,0.65,440,3.07
7/13/2023 10:49:48,11,20,9.62,9.87,0.75,509,3.55
7/13/2023 10:49:48,12,19,9.62,9.84,0.75,578,4.03
7/13/2023 10:49:49,13,17,9.62,9.82,0.95,633,4.41
7/13/2023 10:49:49,14,12,9.62,9.81,1.5,668,4.66
7/13/2023 10:49:49,15,7,9.62,9.8,2.13,693,4.83
7/13/2023 10:49:49,16,6,9.62,9.8,2.85,712,4.96
7/13/2023 10:49:49,17,3,9.62,9.79,4.28,725,5.05
7/13/2023 10:49:49,18,4,9.62,9.79,7.5,733,5.11
7/13/2023 10:49:49,19,3,9.62,9.79,10.0,740,5.16
7/13/2023 10:49:49,20,2,9.62,9.79,20.0,744,5.18
7/13/2023 10:49:49,21,2,9.62,9.79,30.0,747,5.21
7/13/2023 10:49:49,22,1,9.62,9.8,30.0,750,5.23
7/13/2023 10:49:49,23,1,9.62,9.81,30.0,753,5.25
7/13/2023 10:55:37,0,1,9.58,14.4,60.0,2,0.01
7/13/2023 10:55:37,1,1,9.58,14.38,60.0,4,0.03
7/13/2023 10:55:37,2,1,9.58,13.2,20.0,8,0.06
7/13/2023 10:55:37,3,2,9.58,11.66,12.0,14,0.1
7/13/2023 10:55:38,4,4,9.58,10.58,2.5,36,0.25
7/13/2023 10:55:38,5,8,9.58,10.05,1.25,78,0.54
7/13/2023 10:55:38,6,13,9.58,9.84,0.87,138,0.96
7/13/2023 10:55:38,7,14,9.58,9.75,0.72,210,1.46
7/13/2023 10:55:38,8,17,9.58,9.7,0.7,283,1.97
7/13/2023 10:55:38,9,18,9.58,9.68,0.63,364,2.53
7/13/2023 10:55:38,10,19,9.58,9.66,0.73,434,3.01
7/13/2023 10:55:38,11,20,9.58,9.65,0.63,516,3.58
7/13/2023 10:55:38,12,19,9.58,9.64,0.7,590,4.1
7/13/2023 10:55:38,13,17,9.58,9.64,1.0,642,4.46
7/13/2023 10:55:38,14,12,9.58,9.63,1.53,676,4.69
7/13/2023 10:55:38,15,7,9.58,9.63,2.07,702,4.88
7/13/2023 10:55:38,16,6,9.58,9.63,2.85,721,5.01
7/13/2023 10:55:38,17,3,9.58,9.63,5.0,733,5.09
7/13/2023 10:55:38,18,4,9.58,9.63,6.67,742,5.15
7/13/2023 10:55:38,19,3,9.58,9.63,12.0,748,5.19
7/13/2023 10:55:38,20,2,9.58,9.63,20.0,752,5.22
7/13/2023 10:55:38,21,2,9.58,9.63,30.0,755,5.24
7/13/2023 10:55:38,22,1,9.58,9.64,30.0,758,5.26
7/13/2023 10:55:38,23,1,9.58,9.65,30.0,761,5.28
7/13/2023 11:30:29,0,1,9.58,14.35,60.0,2,0.01
7/13/2023 11:30:29,1,1,9.58,14.3,60.0,4,0.03
7/13/2023 11:30:29,2,1,9.58,13.14,20.0,8,0.06
7/13/2023 11:30:29,3,2,9.58,11.5,10.0,15,0.1
7/13/2023 11:30:29,4,4,9.58,10.43,2.72,35,0.24
7/13/2023 11:30:29,5,8,9.58,10.0,1.22,78,0.54
7/13/2023 11:30:29,6,13,9.58,9.83,0.87,138,0.96
7/13/2023 11:30:29,7,14,9.58,9.75,0.7,212,1.47
7/13/2023 11:30:29,8,17,9.58,9.7,0.68,287,1.99
7/13/2023 11:30:29,9,18,9.58,9.68,0.68,362,2.51
7/13/2023 11:30:29,10,19,9.58,9.66,0.72,434,3.01
7/13/2023 11:30:29,11,20,9.58,9.65,0.7,507,3.52
7/13/2023 11:30:29,12,19,9.58,9.64,0.72,579,4.02
7/13/2023 11:30:29,13,17,9.58,9.63,1.0,631,4.38
7/13/2023 11:30:29,14,12,9.58,9.63,1.57,665,4.62
7/13/2023 11:30:29,15,7,9.58,9.63,2.07,691,4.8
7/13/2023 11:30:29,16,6,9.58,9.63,3.0,709,4.92
7/13/2023 11:30:30,17,3,9.58,9.63,4.6,721,5.01
7/13/2023 11:30:30,18,4,9.58,9.63,7.5,729,5.06
7/13/2023 11:30:30,19,3,9.58,9.63,10.0,736,5.11
7/13/2023 11:30:30,20,2,9.58,9.63,20.0,740,5.14
7/13/2023 11:30:30,21,2,9.58,9.62,30.0,743,5.16
7/13/2023 11:30:30,22,1,9.58,9.64,30.0,746,5.18
7/13/2023 11:30:30,23,1,9.58,9.65,30.0,749,5.2
7/13/2023 11:30:50,0,1,9.72,14.56,60.0,2,0.01
7/13/2023 11:30:51,1,1,9.72,14.59,60.0,4,0.03
7/13/2023 11:30:51,2,1,9.72,13.38,20.0,8,0.06
7/13/2023 11:30:51,3,2,9.72,11.67,10.0,15,0.11
7/13/2023 11:30:51,4,4,9.72,10.64,2.6,36,0.25
7/13/2023 11:30:51,5,8,9.72,10.18,1.33,75,0.53
7/13/2023 11:30:51,6,13,9.72,9.98,0.87,134,0.94
7/13/2023 11:30:51,7,14,9.72,10.39,0.65,208,1.46
7/13/2023 11:30:51,8,17,9.72,10.22,0.67,285,2.01
7/13/2023 11:30:51,9,18,9.72,10.11,0.68,360,2.53
7/13/2023 11:30:51,10,19,9.72,10.05,0.7,433,3.05
7/13/2023 11:30:51,11,20,9.72,10.0,0.62,516,3.63
7/13/2023 11:30:51,12,19,9.72,9.97,0.73,586,4.13
7/13/2023 11:30:51,13,17,9.72,9.95,0.95,641,4.51
7/13/2023 11:30:51,14,12,9.72,9.94,1.5,676,4.76
7/13/2023 11:30:51,15,7,9.72,9.93,1.93,703,4.95
7/13/2023 11:30:51,16,6,9.72,9.93,2.72,723,5.09
7/13/2023 11:30:51,17,3,9.72,9.92,4.6,735,5.18
7/13/2023 11:30:51,18,4,9.72,9.92,7.5,743,5.23
7/13/2023 11:30:51,19,3,9.72,9.92,10.0,750,5.28
7/13/2023 11:30:51,20,2,9.72,9.92,20.0,754,5.31
7/13/2023 11:30:51,21,2,9.72,9.92,30.0,757,5.33
7/13/2023 11:30:51,22,1,9.72,9.93,30.0,760,5.35
7/13/2023 11:30:51,23,1,9.72,9.94,30.0,763,5.37
7/13/2023 11:32:7,0,1,9.52,14.27,60.0,2,0.06
7/13/2023 11:32:7,1,1,9.52,14.28,60.0,4,0.13
7/13/2023 11:32:7,2,1,9.52,13.13,20.0,8,0.25
7/13/2023 11:32:7,3,1,9.52,14.61,10.0,14,0.44
7/13/2023 11:32:7,4,1,9.52,18.95,2.6,20,0.63
7/13/2023 11:32:7,5,1,9.52,21.79,1.2,26,0.82
7/13/2023 11:32:7,6,2,9.52,24.15,0.87,38,1.21
7/13/2023 11:32:7,7,3,9.52,25.54,0.68,56,1.78
7/13/2023 11:32:7,8,3,9.52,26.23,0.68,74,2.35
7/13/2023 11:32:7,9,3,9.52,26.74,0.63,92,2.92
7/13/2023 11:32:7,10,4,9.52,26.73,0.68,116,3.68
7/13/2023 11:32:7,11,4,9.52,26.75,0.67,140,4.44
7/13/2023 11:32:7,12,4,9.52,26.75,0.67,164,5.2
7/13/2023 11:32:7,13,4,9.52,26.38,0.97,188,5.96
7/13/2023 11:32:7,14,3,9.52,26.0,1.57,206,6.53
7/13/2023 11:32:7,15,2,9.52,25.86,2.13,218,6.92
7/13/2023 11:32:7,16,1,9.52,25.93,3.0,224,7.11
7/13/2023 11:32:7,17,1,9.52,25.92,4.6,230,7.3
7/13/2023 11:32:7,18,1,9.52,25.79,7.5,236,7.49
7/13/2023 11:32:20,0,1,9.53,14.42,60.0,2,0.03
7/13/2023 11:32:20,1,1,9.53,14.32,60.0,4,0.06
7/13/2023 11:32:20,2,1,9.53,13.1,20.0,8,0.13
7/13/2023 11:32:20,3,1,9.53,14.67,10.0,14,0.22
7/13/2023 11:32:20,4,1,9.53,18.94,2.85,20,0.32
7/13/2023 11:32:20,5,3,9.53,21.47,1.27,38,0.6
7/13/2023 11:32:20,6,5,9.53,21.9,0.88,68,1.08
7/13/2023 11:32:20,7,6,9.53,22.45,0.67,104,1.65
7/13/2023 11:32:20,8,7,9.53,22.34,0.63,145,2.3
7/13/2023 11:32:20,9,7,9.53,22.09,0.68,186,2.96
7/13/2023 11:32:20,10,8,9.53,21.27,0.75,231,3.67
7/13/2023 11:32:21,11,8,9.53,20.91,0.68,276,4.39
7/13/2023 11:32:21,12,8,9.53,20.73,0.67,322,5.12
7/13/2023 11:32:21,13,8,9.53,20.03,0.9,367,5.83
7/13/2023 11:32:21,14,5,9.53,19.71,1.42,396,6.29
7/13/2023 11:32:21,15,3,9.53,19.64,2.13,414,6.58
7/13/2023 11:32:21,16,2,9.53,19.62,3.15,426,6.77
7/13/2023 11:32:21,17,1,9.53,19.7,5.0,432,6.86
7/13/2023 11:32:21,18,2,9.53,19.5,6.67,441,7.01
7/13/2023 11:32:21,19,1,9.53,19.46,10.0,447,7.1
7/13/2023 11:32:21,20,1,9.53,19.39,20.0,451,7.17
7/13/2023 11:32:21,21,1,9.53,19.35,30.0,454,7.21
7/13/2023 11:32:21,22,1,9.53,19.31,30.0,457,7.26
7/13/2023 11:32:21,23,1,9.53,19.26,30.0,460,7.31
7/13/2023 11:34:42,0,1,9.78,16.7,60.0,2,0.03
7/13/2023 11:34:42,1,1,9.78,16.66,60.0,4,0.07
7/13/2023 11:34:42,2,1,9.78,15.43,20.0,8,0.13
7/13/2023 11:34:42,3,1,9.78,15.74,12.0,14,0.23
7/13/2023 11:34:42,4,1,9.78,20.46,2.72,20,0.33
7/13/2023 11:34:42,5,3,9.78,22.88,1.35,37,0.6
7/13/2023 11:34:42,6,5,9.78,23.75,0.83,65,1.06
7/13/2023 11:34:42,7,6,9.78,23.98,0.72,98,1.6
7/13/2023 11:34:42,8,7,9.78,23.51,0.73,136,2.22
7/13/2023 11:34:42,9,7,9.78,23.55,0.67,175,2.85
7/13/2023 11:34:43,10,8,9.78,23.17,0.68,219,3.57
7/13/2023 11:34:43,11,8,9.78,22.97,0.67,263,4.29
7/13/2023 11:34:43,12,8,9.78,22.65,0.72,306,4.99
7/13/2023 11:34:43,13,8,9.78,21.91,0.95,349,5.69
7/13/2023 11:34:43,14,5,9.78,21.51,1.57,376,6.13
7/13/2023 11:34:43,15,3,9.78,21.46,2.13,393,6.41
7/13/2023 11:34:43,16,2,9.78,21.49,3.0,405,6.6
7/13/2023 11:34:43,17,1,9.78,21.58,5.0,411,6.7
7/13/2023 11:34:43,18,2,9.78,21.42,8.57,418,6.82
7/13/2023 11:34:43,19,1,9.78,21.35,12.0,424,6.91
7/13/2023 11:34:43,20,1,9.78,21.28,20.0,428,6.98
7/13/2023 11:34:43,21,1,9.78,21.24,30.0,431,7.03
7/13/2023 11:34:43,22,1,9.78,21.2,30.0,434,7.08
7/13/2023 11:34:43,23,1,9.78,21.15,30.0,437,7.13
7/13/2023 11:38:58,0,1,9.58,14.44,60.0,2,0.03
7/13/2023 11:38:58,1,1,9.58,14.36,60.0,4,0.06
7/13/2023 11:38:58,2,1,9.58,13.17,20.0,8,0.13
7/13/2023 11:38:58,3,1,9.58,14.77,10.0,14,0.22
7/13/2023 11:38:58,4,1,9.58,18.94,2.85,20,0.32
7/13/2023 11:38:58,5,3,9.58,21.72,1.2,38,0.61
7/13/2023 11:38:58,6,5,9.58,22.25,0.87,68,1.09
7/13/2023 11:38:59,7,6,9.58,22.52,0.68,103,1.65
7/13/2023 11:38:59,8,7,9.58,22.11,0.68,143,2.28
7/13/2023 11:38:59,9,7,9.58,22.06,0.63,183,2.92
7/13/2023 11:38:59,10,8,9.58,21.44,0.7,228,3.64
7/13/2023 11:38:59,11,8,9.58,21.17,0.65,273,4.36
7/13/2023 11:38:59,12,8,9.58,20.85,0.7,318,5.08
7/13/2023 11:38:59,13,8,9.58,20.0,0.97,362,5.78
7/13/2023 11:38:59,14,5,9.58,19.52,1.62,390,6.23
7/13/2023 11:38:59,15,3,9.58,19.37,2.4,408,6.52
7/13/2023 11:38:59,16,2,9.58,19.41,2.85,420,6.71
7/13/2023 11:38:59,17,1,9.58,19.5,4.6,426,6.8
7/13/2023 11:38:59,18,2,9.58,19.32,7.5,434,6.93
7/13/2023 11:38:59,19,1,9.58,19.29,10.0,440,7.03
7/13/2023 11:38:59,20,1,9.58,19.22,20.0,444,7.09
7/13/2023 11:38:59,21,1,9.58,19.18,30.0,447,7.14
7/13/2023 11:38:59,22,1,9.58,19.14,30.0,450,7.19
7/13/2023 11:38:59,23,1,9.58,19.09,30.0,453,7.24
7/13/2023 11:41:21,0,1,9.62,14.37,60.0,2,0.03
7/13/2023 11:41:21,1,1,9.62,14.39,60.0,4,0.06
7/13/2023 11:41:21,2,1,9.62,13.22,20.0,8,0.13
7/13/2023 11:41:21,3,1,9.62,14.82,10.0,14,0.22
7/13/2023 11:41:21,4,1,9.62,19.03,2.85,20,0.32
7/13/2023 11:41:21,5,3,9.62,21.82,1.22,38,0.61
7/13/2023 11:41:21,6,5,9.62,21.88,0.92,67,1.07
7/13/2023 11:41:21,7,6,9.62,22.56,0.63,102,1.63
7/13/2023 11:41:21,8,7,9.62,22.31,0.65,142,2.28
7/13/2023 11:41:21,9,7,9.62,22.31,0.63,183,2.93
7/13/2023 11:41:21,10,8,9.62,21.6,0.72,228,3.65
7/13/2023 11:41:22,11,8,9.62,21.24,0.68,273,4.38
7/13/2023 11:41:22,12,8,9.62,21.02,0.67,318,5.1
7/13/2023 11:41:22,13,8,9.62,20.03,1.03,362,5.8
7/13/2023 11:41:22,14,5,9.62,19.7,1.45,390,6.25
7/13/2023 11:41:22,15,3,9.62,19.63,2.13,408,6.54
7/13/2023 11:41:22,16,2,9.62,19.66,2.85,420,6.73
7/13/2023 11:41:22,17,1,9.62,19.74,5.0,426,6.83
7/13/2023 11:41:22,18,2,9.62,19.53,6.67,435,6.97
7/13/2023 11:41:22,19,1,9.62,19.5,10.0,441,7.07
7/13/2023 11:41:22,20,1,9.62,19.43,20.0,445,7.13
7/13/2023 11:41:22,21,1,9.62,19.39,30.0,448,7.18
7/13/2023 11:41:22,22,1,9.62,19.34,30.0,451,7.23
7/13/2023 11:41:22,23,1,9.62,19.3,30.0,454,7.28
7/13/2023 11:49:50,0,1,9.55,14.48,60.0,2,0.03
7/13/2023 11:49:50,1,1,9.55,14.4,60.0,4,0.06
7/13/2023 11:49:50,2,1,9.55,13.16,20.0,8,0.13
7/13/2023 11:49:50,3,1,9.55,14.73,10.0,14,0.22
7/13/2023 11:49:50,4,1,9.55,18.91,2.85,20,0.32
7/13/2023 11:49:50,5,3,9.55,20.98,1.42,38,0.6
7/13/2023 11:49:51,6,5,9.55,22.14,0.8,68,1.08
7/13/2023 11:49:51,7,6,9.55,22.61,0.67,104,1.66
7/13/2023 11:49:51,8,7,9.55,22.23,0.68,145,2.31
7/13/2023 11:49:51,9,7,9.55,21.79,0.73,185,2.94
7/13/2023 11:49:51,10,8,9.55,20.97,0.77,230,3.66
7/13/2023 11:49:51,11,8,9.55,20.74,0.67,275,4.38
7/13/2023 11:49:51,12,8,9.55,20.48,0.7,320,5.09
7/13/2023 11:49:51,13,8,9.55,19.71,0.95,364,5.79
7/13/2023 11:49:51,14,5,9.55,19.41,1.42,392,6.24
7/13/2023 11:49:51,15,3,9.55,19.37,2.07,410,6.53
7/13/2023 11:49:51,16,2,9.55,19.4,2.85,422,6.72
7/13/2023 11:49:51,17,1,9.55,19.49,4.28,428,6.81
7/13/2023 11:49:51,18,2,9.55,19.32,7.5,436,6.94
7/13/2023 11:49:51,19,1,9.55,19.24,12.0,442,7.04
7/13/2023 11:49:51,20,1,9.55,19.17,20.0,446,7.1
7/13/2023 11:49:51,21,1,9.55,19.13,30.0,449,7.15
7/13/2023 11:49:51,22,1,9.55,19.09,30.0,452,7.19
7/13/2023 11:49:51,23,1,9.55,19.05,30.0,455,7.24
7/13/2023 14:8:2,0,1,9.72,14.63,60.0,2,0.03
7/13/2023 14:8:2,1,1,9.72,14.64,60.0,4,0.06
7/13/2023 14:8:2,2,1,9.72,13.39,20.0,8,0.13
7/13/2023 14:8:2,3,1,9.72,13.62,12.0,14,0.23
7/13/2023 14:8:2,4,1,9.72,18.41,2.72,20,0.32
7/13/2023 14:8:2,5,3,9.72,21.22,1.35,38,0.62
7/13/2023 14:8:2,6,5,9.72,22.16,0.82,67,1.09
7/13/2023 14:8:2,7,6,9.72,22.55,0.67,101,1.64
7/13/2023 14:8:2,8,7,9.72,22.4,0.63,140,2.27
7/13/2023 14:8:2,9,7,9.72,22.07,0.7,179,2.9
7/13/2023 14:8:3,10,8,9.72,21.68,0.65,223,3.61
7/13/2023 14:8:3,11,8,9.72,21.25,0.7,267,4.32
7/13/2023 14:8:3,12,8,9.72,21.05,0.67,311,5.04
7/13/2023 14:8:3,13,8,9.72,20.22,0.97,354,5.73
7/13/2023 14:8:3,14,5,9.72,19.92,1.42,382,6.19
7/13/2023 14:8:3,15,3,9.72,19.82,2.22,399,6.46
7/13/2023 14:8:3,16,2,9.72,19.83,3.0,411,6.66
7/13/2023 14:8:3,17,1,9.72,19.92,5.0,417,6.75
7/13/2023 14:8:4,18,2,9.72,19.71,6.67,426,6.9
7/13/2023 14:8:4,19,1,9.72,19.63,12.0,432,7.0
7/13/2023 14:8:4,20,1,9.72,19.56,20.0,436,7.06
7/13/2023 14:8:4,21,1,9.72,19.51,30.0,439,7.11
7/13/2023 14:8:4,22,1,9.72,19.47,30.0,442,7.16
7/13/2023 14:8:4,23,1,9.72,19.42,30.0,445,7.21
7/13/2023 14:8:55,0,1,9.6,14.44,60.0,2,0.03
7/13/2023 14:8:55,1,1,9.6,14.4,60.0,4,0.06
7/13/2023 14:8:55,2,1,9.6,13.17,20.0,8,0.13
7/13/2023 14:8:55,3,1,9.6,14.73,10.0,14,0.22
7/13/2023 14:8:55,4,1,9.6,19.1,2.6,20,0.32
7/13/2023 14:8:55,5,3,9.6,21.69,1.27,38,0.61
7/13/2023 14:8:55,6,5,9.6,22.13,0.85,67,1.07
7/13/2023 14:8:55,7,6,9.6,22.55,0.67,102,1.63
7/13/2023 14:8:56,8,7,9.6,22.08,0.7,142,2.27
7/13/2023 14:8:56,9,7,9.6,22.19,0.62,183,2.93
7/13/2023 14:8:56,10,8,9.6,21.74,0.65,228,3.65
7/13/2023 14:8:57,11,8,9.6,21.33,0.68,273,4.37
7/13/2023 14:8:57,12,8,9.6,21.09,0.67,318,5.09
7/13/2023 14:8:58,13,8,9.6,20.45,0.87,362,5.79
7/13/2023 14:8:58,14,5,9.6,19.98,1.57,390,6.24
7/13/2023 14:8:59,15,3,9.6,19.91,2.13,408,6.53
7/13/2023 14:8:59,16,2,9.6,19.88,3.15,420,6.72
7/13/2023 14:8:59,17,1,9.6,19.96,5.0,426,6.82
7/13/2023 14:8:59,18,2,9.6,19.77,7.5,434,6.94
7/13/2023 14:9:0,19,1,9.6,19.73,10.0,440,7.04
7/13/2023 14:9:0,20,1,9.6,19.66,20.0,444,7.1
7/13/2023 14:9:1,21,1,9.6,19.62,30.0,447,7.15
7/13/2023 14:9:1,22,1,9.6,19.57,30.0,450,7.2
7/13/2023 14:9:2,23,1,9.6,19.53,30.0,453,7.25
7/13/2023 14:9:37,0,1,9.72,14.45,60.0,2,0.03
7/13/2023 14:9:37,1,1,9.72,14.47,60.0,4,0.06
7/13/2023 14:9:37,2,1,9.72,13.28,20.0,8,0.13
7/13/2023 14:9:37,3,1,9.72,15.03,10.0,14,0.23
7/13/2023 14:9:37,4,1,9.72,19.38,2.72,20,0.32
7/13/2023 14:9:37,5,3,9.72,21.53,1.38,38,0.62
7/13/2023 14:9:37,6,5,9.72,22.05,0.83,66,1.07
7/13/2023 14:9:37,7,6,9.72,21.94,0.75,99,1.6
7/13/2023 14:9:38,8,7,9.72,21.75,0.68,138,2.23
7/13/2023 14:9:38,9,7,9.72,21.62,0.68,177,2.87
7/13/2023 14:9:38,10,8,9.72,21.11,0.7,221,3.58
7/13/2023 14:9:38,11,8,9.72,20.87,0.67,265,4.29
7/13/2023 14:9:38,12,8,9.72,20.35,0.8,308,4.99
7/13/2023 14:9:39,13,8,9.72,19.75,0.9,352,5.7
7/13/2023 14:9:39,14,5,9.72,19.44,1.45,380,6.15
7/13/2023 14:9:39,15,3,9.72,19.36,2.22,397,6.43
7/13/2023 14:9:39,16,2,9.72,19.39,3.0,409,6.62
7/13/2023 14:9:39,17,1,9.72,19.49,4.6,415,6.72
7/13/2023 14:9:39,18,2,9.72,19.29,6.67,424,6.87
7/13/2023 14:9:39,19,1,9.72,19.26,10.0,430,6.96
7/13/2023 14:9:39,20,1,9.72,19.2,20.0,434,7.03
7/13/2023 14:9:39,21,1,9.72,19.15,30.0,437,7.08
7/13/2023 14:9:39,22,1,9.72,19.11,30.0,440,7.13
7/13/2023 14:9:39,23,1,9.72,19.07,30.0,443,7.17
7/13/2023 14:20:22,0,1,9.6,14.41,60.0,2,0.03
7/13/2023 14:20:22,1,1,9.6,14.39,60.0,4,0.06
7/13/2023 14:20:56,0,1,9.52,14.35,60.0,2,0.03
7/13/2023 14:20:56,1,1,9.52,14.31,60.0,4,0.06
7/13/2023 14:20:56,2,1,9.52,13.09,20.0,8,0.13
7/13/2023 14:20:56,3,1,9.52,13.2,12.0,14,0.22
7/13/2023 14:20:56,4,1,9.52,17.95,2.5,20,0.32
7/13/2023 14:20:57,5,3,9.52,20.93,1.27,38,0.6
7/13/2023 14:20:57,6,5,9.52,21.91,0.82,68,1.08
7/13/2023 14:20:58,7,6,9.52,22.16,0.72,104,1.65
7/13/2023 14:20:59,8,7,9.52,21.8,0.68,144,2.28
7/13/2023 14:21:0,9,7,9.52,21.65,0.68,185,2.93
7/13/2023 14:21:1,10,8,9.52,20.96,0.73,230,3.65
7/13/2023 14:21:2,11,8,9.52,20.9,0.62,276,4.38
7/13/2023 14:21:3,12,8,9.52,20.46,0.75,321,5.09
7/13/2023 14:21:3,13,8,9.52,19.77,0.92,366,5.81
7/13/2023 14:21:3,14,5,9.52,19.36,1.53,395,6.27
7/13/2023 14:21:4,15,3,9.52,19.3,2.13,413,6.55
7/13/2023 14:21:4,16,2,9.52,19.31,3.0,425,6.74
7/13/2023 14:21:4,17,1,9.52,19.39,5.0,431,6.84
7/13/2023 14:21:4,18,2,9.52,19.21,7.5,439,6.96
7/13/2023 14:21:4,19,1,9.52,19.13,12.0,445,7.06
7/13/2023 14:21:4,20,1,9.52,19.07,20.0,449,7.12
7/13/2023 14:21:5,21,1,9.52,19.03,30.0,452,7.17
7/13/2023 14:21:5,22,1,9.52,18.99,30.0,455,7.22
7/13/2023 14:21:5,23,1,9.52,18.94,30.0,458,7.26
7/13/2023 14:23:32,0,1,9.6,14.51,60.0,2,0.03
7/13/2023 14:23:32,1,1,9.6,14.45,60.0,4,0.06
7/13/2023 14:23:32,2,1,9.6,13.21,20.0,8,0.13
7/13/2023 14:23:32,3,1,9.6,14.81,10.0,14,0.22
7/13/2023 14:23:32,4,1,9.6,19.05,2.85,20,0.32
7/13/2023 14:23:32,5,3,9.6,21.7,1.25,38,0.61
7/13/2023 14:23:33,6,5,9.6,21.86,0.9,67,1.07
7/13/2023 14:23:33,7,6,9.6,22.24,0.68,102,1.63
7/13/2023 14:23:34,8,7,9.6,22.08,0.65,142,2.27
7/13/2023 14:23:34,9,7,9.6,21.93,0.67,182,2.91
7/13/2023 14:23:35,10,8,9.6,21.31,0.72,227,3.63
7/13/2023 14:23:35,11,8,9.6,21.18,0.63,273,4.37
7/13/2023 14:23:36,12,8,9.6,20.87,0.7,318,5.09
7/13/2023 14:23:36,13,8,9.6,19.95,1.0,362,5.79
7/13/2023 14:23:36,14,5,9.6,19.48,1.62,390,6.24
7/13/2023 14:23:37,15,3,9.6,19.44,2.07,408,6.53
7/13/2023 14:23:37,16,2,9.6,19.48,2.85,420,6.72
7/13/2023 14:23:37,17,1,9.6,19.57,4.6,426,6.82
7/13/2023 14:23:37,18,2,9.6,19.41,8.57,433,6.93
7/13/2023 14:23:37,19,1,9.6,19.33,12.0,439,7.02
7/13/2023 14:23:37,20,1,9.6,19.26,20.0,443,7.09
7/13/2023 14:23:37,21,1,9.6,19.22,30.0,446,7.14
7/13/2023 14:23:37,22,1,9.6,19.17,30.0,449,7.18
7/13/2023 14:23:37,23,1,9.6,19.13,30.0,452,7.23
7/13/2023 14:43:2,0,1,9.67,14.57,60.0,2,0.03
7/13/2023 14:43:2,1,1,9.67,14.53,60.0,4,0.06
7/13/2023 14:43:2,2,1,9.67,13.31,20.0,8,0.13
7/13/2023 14:43:2,3,1,9.67,14.96,10.0,14,0.23
7/13/2023 14:43:2,4,1,9.67,19.23,2.72,20,0.32
7/13/2023 14:43:2,5,3,9.67,21.88,1.25,38,0.61
7/13/2023 14:43:3,6,5,9.67,22.18,0.87,67,1.08
7/13/2023 14:43:3,7,6,9.67,22.48,0.7,102,1.64
7/13/2023 14:43:4,8,7,9.67,22.31,0.65,142,2.29
7/13/2023 14:43:5,9,7,9.67,22.11,0.67,181,2.92
7/13/2023 14:43:6,10,8,9.67,21.61,0.67,225,3.62
7/13/2023 14:43:6,11,8,9.67,21.36,0.65,270,4.35
7/13/2023 14:43:7,12,8,9.67,20.95,0.73,314,5.06
7/13/2023 14:43:7,13,8,9.67,20.08,0.98,358,5.77
7/13/2023 14:43:8,14,5,9.67,19.71,1.5,386,6.22
7/13/2023 14:43:8,15,3,9.67,19.66,2.07,403,6.49
7/13/2023 14:43:9,16,2,9.67,19.69,2.85,415,6.69
7/13/2023 14:43:9,17,1,9.67,19.76,5.45,421,6.78
7/13/2023 14:43:9,18,2,9.67,19.56,6.67,430,6.93
7/13/2023 14:43:10,19,1,9.67,19.53,10.0,436,7.02
7/13/2023 14:43:10,20,1,9.67,19.46,20.0,440,7.09
7/13/2023 14:43:10,21,1,9.67,19.41,30.0,443,7.14
7/13/2023 14:43:10,22,1,9.67,19.37,30.0,446,7.19
7/13/2023 14:43:10,23,1,9.67,19.33,30.0,449,7.23
7/13/2023 14:47:53,0,1,9.67,14.54,60.0,2,0.03
7/13/2023 14:51:26,1,1,9.67,14.6,60.0,4,0.06
7/13/2023 14:51:33,2,1,9.67,13.33,20.0,8,0.13
7/13/2023 14:51:42,3,1,9.67,13.6,12.0,14,0.23
7/13/2023 14:52:1,4,1,9.67,18.28,2.72,20,0.32
7/13/2023 15:9:16,0,1,9.57,9.56,60.0,1,0.02
7/13/2023 15:9:16,1,1,9.57,9.53,60.0,2,0.03
7/13/2023 15:9:16,2,1,9.57,9.52,20.0,5,0.08
7/13/2023 15:9:16,3,1,9.57,9.55,10.0,10,0.16
7/13/2023 15:9:17,4,1,9.57,14.13,2.72,15,0.24
7/13/2023 15:9:17,5,3,9.57,37.33,1.3,33,0.53
7/13/2023 15:9:17,6,5,9.57,68.82,0.82,63,1.0
7/13/2023 15:9:18,7,6,9.57,67.94,0.67,99,1.58
7/13/2023 15:9:20,8,7,9.57,91.7,0.75,141,2.25
7/13/2023 15:9:21,9,7,9.57,91.75,0.67,183,2.92
7/13/2023 15:9:25,10,8,9.57,83.7,0.68,231,3.68
7/13/2023 15:9:31,11,8,9.57,95.78,0.68,279,4.45
7/13/2023 15:9:44,12,8,9.57,108.78,0.67,327,5.21
7/13/2023 15:19:51,0,1,9.65,9.68,60.0,1,0.02
7/13/2023 15:19:55,1,1,9.65,9.68,60.0,1,0.02
7/13/2023 15:20:2,2,1,9.65,9.64,20.0,3,0.05
7/13/2023 15:20:14,3,1,9.65,9.67,10.0,8,0.13
7/13/2023 15:20:36,4,1,9.65,15.02,2.72,13,0.21
7/13/2023 15:21:40,5,3,9.65,39.41,1.2,31,0.5
7/13/2023 15:23:1,0,1,9.6,9.57,60.0,1,0.02
7/13/2023 15:23:1,1,1,9.6,9.57,60.0,1,0.02
7/13/2023 15:23:1,2,1,9.6,9.6,20.0,3,0.05
7/13/2023 15:23:1,3,1,9.6,9.61,10.0,8,0.13
7/13/2023 15:23:2,4,1,9.6,17.82,2.6,14,0.22
7/13/2023 15:23:2,5,3,9.6,42.17,1.27,32,0.51
7/13/2023 15:23:6,6,5,9.6,72.31,0.93,62,0.99
7/13/2023 15:23:11,7,6,9.6,67.3,0.73,98,1.57
7/13/2023 15:23:13,8,7,9.6,92.5,0.75,140,2.24
7/13/2023 15:23:17,9,7,9.6,94.84,0.68,182,2.91
7/13/2023 15:23:22,10,8,9.6,86.88,0.72,230,3.68
7/13/2023 15:23:30,11,8,9.6,95.6,0.67,278,4.45
7/13/2023 15:23:42,12,8,9.6,111.02,0.72,326,5.22
7/13/2023 15:24:3,13,8,9.6,114.83,1.05,374,5.98
7/13/2023 15:25:8,14,5,9.6,113.99,1.5,404,6.46
7/13/2023 15:26:49,15,3,9.6,112.68,2.13,422,6.75
7/13/2023 15:29:33,0,1,9.62,9.53,60.0,1,0.02
7/13/2023 15:29:36,1,1,9.62,9.53,60.0,1,0.02
7/13/2023 15:29:41,2,1,9.62,9.67,20.0,4,0.06
7/13/2023 15:29:48,3,1,9.62,14.1,12.0,9,0.14
7/13/2023 15:30:5,4,1,9.62,22.73,2.4,15,0.24
